{
    "author": {
        "addNewAuthor": "添加新作者",
        "author": "作者",
        "authorDataParsingErrorMessage": "解析 ID 为的作者数据时发生错误：",
        "authorHasBeenUpdated": "作者已更新",
        "authorLink": "作者链接",
        "authorName": "作者姓名",
        "authorNameCannotBeEmptyErrorMessage": "作者姓名不能为空，请输入姓名",
        "authorNameInUseErrorMessage": "该作者姓名已被使用，请尝试其他姓名。",
        "authorNameSimilarInUseErrorMessage": "该作者姓名已被使用；作者姓名不区分大小写。请尝试其他姓名。",
        "authorPage": "作者页面",
        "authorSlugCannotBeEmpty": "作者别名不能为空",
        "avatar": "头像",
        "avatarAndFeaturedImage": "头像与特色图片",
        "cannotRemoveMainAuthor": "主作者无法被移除。",
        "changePageAuthor": "更改页面作者",
        "changePostAuthor": "更改文章作者",
        "editAuthor": "编辑作者",
        "eMail": "电子邮箱",
        "filterOrSearchAuthors": "筛选或搜索作者...",
        "gravatarEmailWarningMessage": "请输入您在 Gravatar 注册账户时使用的邮箱地址。",
        "mainAuthor": "主作者",
        "mainAuthorCannotBeRemoved": "这是本站的主作者，无法被移除。",
        "newAuthorHasBeenCreated": "新作者已创建",
        "noAuthorsMatchingYourCriteria": "没有符合条件的作者。",
        "removeAuthorsMessage": "您确定要删除所选作者吗？",
        "removeAuthorsSuccessMessage": "所选作者已被删除",
        "selectAuthor": "选择作者",
        "selectAuthorPage": "选择作者页面",
        "themeDoesNotSupportFeaturedImagesForAuthors": "当前主题不支持作者特色图片",
        "whenYouUseGravatarYourSiteVisitorsWillQueryAThirdPartyServer": "使用 Gravatar 服务时，请注意访客需要访问第三方服务器以加载您的头像。",
        "toUseThisOptionEnableIndexingAuthorPages": "要使用此选项，请先在 SEO 设置中启用作者页面索引。",
        "url": "网址",
        "useGravatarMessage": "使用 <a href=\"https://gravatar.com/\" target=\"_blank\" rel=\"noopener noreferrer\">Gravatar </a> 提供作者头像",
        "useGravatarServiceMessage": "使用 Gravatar 服务前，请先提供作者邮箱。",
        "website": "网站"
    },
    "core": {
        "archive": {
            "destinationNotExists": "指定的输出目标不存在",
            "errorDuringCreatingTAR": "创建 TAR 压缩包时发生错误，请重试。",
            "errorDuringCreatingZIP": "创建 ZIP 压缩包时发生错误，请重试。"
        },
        "backup": {
            "destinationDirectoryDoesNotExists": "目标目录不存在",
            "errorDuringFileSaveProcess": "文件保存过程中发生错误",
            "errorDuringReadingBackupFile": "读取备份文件时发生错误",
            "fileDoesNotExists": "备份文件不存在",
            "fileIsCorrupted": "备份文件已损坏——恢复过程已中止。",
            "locationDoesNotExists": "备份位置不存在",
            "temporaryDirectoryDoesNotExists": "临时目录不存在"
        },
        "credits": {
            "errorLoadingLicenseMsg": "加载许可证时发生错误，请重试。"
        },
        "images": {
            "responsiveImagesDisabled": "网站设置中已禁用响应式图片——所有响应式图片已被移除。"
        },
        "rendering": {
            "renderingProcessCrashed": "渲染进程崩溃",
            "renderingProcessCrashedMsg": "更多信息请查看 工具 -> 日志查看器 下的 rendering-errors.log 和 rendering-process.log 文件。",
            "renderingProcessFailed": "渲染进程失败"
        },
        "server": {
            "branchDoesNotExist": "所选分支不存在。",
            "creatingNewRemoteFilesTree": "正在创建新的远程文件树...",
            "finishingDeploymentProcess": "正在完成部署过程...",
            "getInfoAboutLatestCommit": "获取最新提交信息...",
            "preparingFilesTreeToUpload": "正在准备上传的文件树...",
            "repositoryDoesNotExist": "所选仓库不存在。",
            "requestLimitExceededInfo": "您的 API 请求次数已超限（剩余 {remaining} 次）。请等待至 {resetTime} UTC 后重试。",
            "requestTimeout": "请求超时。",
            "retrievingHandlerOfRemoteFilesTree": "正在获取远程文件树处理器...",
            "retrievingRemoteFilesTree": "正在获取远程文件树...",
            "tokenOrServerAddressInvalid": "提供的凭证或服务器/仓库地址无效。",
            "tooManyFilesInfo": "您的网站包含超过 4000 个项目（{numberOfFiles} 个文件和目录）。当前 Github Pages 实现仅支持最多 4000 个项目的网站。"
        },
        "site": {
            "noConfigurationForResponsiveImages": "没有响应式图片的配置数据",
            "noImagesToRegenerate": "没有需要重新生成的图片",
            "noThemeSelected": "未选择主题"
        },
        "sureYouWantQuit": "您确定要退出吗？\n所有未保存的更改将会丢失。",
        "wpImport": {
            "authorsProgressInfo": "正在导入作者 ({progress} / {total})",
            "imageDownloadError": "下载图片时发生错误：{image}",
            "imagesProgressInfo": "正在下载图片 ({progress} / {total})",
            "postsProgressInfo": "正在导入文章 ({progress} / {total})",
            "tagsProgressInfo": "正在导入标签 ({progress} / {total})"
        }
    },
    "customHTML": {
        "tabs": {
            "head": "Head 区",
            "body": "Body 区",
            "comments": "评论区",
            "searchInput": "搜索输入框",
            "searchContent": "搜索内容",
            "socialSharing": "社交分享",
            "footer": "页脚",
            "beforePost": "文章前",
            "afterPost": "文章后",
            "afterPage": "页面后"
        }
    },
    "date": {
        "apr": "4月",
        "aug": "8月",
        "changePagePublicationDate": "更改页面发布日期",
        "changePostPublicationDate": "更改文章发布日期",
        "dec": "12月",
        "feb": "2月",
        "jan": "1月",
        "jul": "7月",
        "jun": "6月",
        "mar": "3月",
        "may": "5月",
        "nov": "11月",
        "oct": "10月",
        "sep": "9月"
    },
    "editor": {
        "addHeading": "添加标题",
        "addLabel": "添加标签",
        "alignTextCenter": "文字居中",
        "alignTextLeft": "文字左对齐",
        "alignTextRight": "文字右对齐",
        "blockEditorHelpPanelDesc": "您可以通过点击新行的 <span>+</span> 或 <span>TAB</span> 按钮插入区块，或者在新行使用以下快捷键或 Markdown 语法：",
        "blocks": {
            "code": {
                "idTooltip": "该值将作为代码区块的 ID"
            },
            "cssClassesLabel": "CSS 类",
            "cssClassesTooltip": "这些 CSS 类将添加到该字段的 class 属性中",
            "embed": {
                "idTooltip": "该值将作为嵌入区块的 ID"
            },
            "gallery": {
                "idTooltip": "该值将作为图库区块的 ID"
            },
            "header": {
                "customIdLabel": "使用自定义 ID",
                "customIdTooltip": "启用此选项可使用您自己的 ID，而不是自动生成的 ID",
                "idTooltip": "该值将作为标题区块的 ID"
            },
            "html": {
                "idTooltip": "该值将作为 HTML 区块的 ID"
            },
            "idLabel": "ID",
            "image": {
                "idTooltip": "该值将作为图片区块的 ID"
            },
            "list": {
                "idTooltip": "该值将作为列表区块的 ID"
            },
            "paragraph": {
                "idTooltip": "该值将作为段落区块的 ID",
                "styleLabel": "段落样式",
                "styles": {
                    "highlight": "高亮",
                    "info": "信息",
                    "success": "成功",
                    "warning": "警告"
                },
                "styleTooltip": "选择段落区块的附加样式"
            },
            "quote": {
                "idTooltip": "该值将作为引用区块的 ID"
            },
            "separator": {
                "idTooltip": "该值将作为分隔符区块的 ID"
            },
            "toc": {
                "idTooltip": "该值将作为目录区块的 ID"
            }
        },
        "cantSavePostWithEmptyTitle": "文章标题不能为空，无法保存。",
        "cantSavePageWithEmptyTitle": "页面标题不能为空，无法保存。",
        "changesSaved": "更改已保存",
        "clearFormatting": "清除格式",
        "clickToConfirm": "点击确认",
        "code": "代码",
        "conversions": {
            "toCode": "代码",
            "toHeader": "标题",
            "toHTML": "HTML",
            "toList": "列表",
            "toParagraph": "段落",
            "toQuote": "引用"
        },
        "convertTo": "转换为：",
        "custom": "自定义",
        "defaultSelect": "- 请选择 -",
        "deleteBlock": "删除区块",
        "dot": "点",
        "dots": "点阵",
        "dragAndDropImgToEditor": "将图片拖放到编辑器中",
        "dropToUploadYourPhotoOr": "拖放上传图片或",
        "dropToUploadYourPhotosOr": "拖放上传图片或",
        "element": "元素",
        "emptyGalleryBlock": "空图库区块",
        "emptyImageBlock": "空图片区块",
        "enterAltText": "输入替代文本",
        "enterCaption": "输入标题",
        "enterUrlOrEmbedCode": "输入 URL 或嵌入代码...",
        "errorOccurred": "发生错误，请重试。",
        "gallery": "图库",
        "header": "标题",
        "heading1": "标题 1",
        "heading2": "标题 2",
        "heading3": "标题 3",
        "heading4": "标题 4",
        "heading5": "标题 5",
        "heading6": "标题 6",
        "hideBulkEdit": "隐藏批量编辑",
        "hideHelp": "隐藏帮助",
        "hideStats": "隐藏统计信息",
        "html": "HTML",
        "insertGallery": "插入图库",
        "list": "列表",
        "markdown": "Markdown",
        "markdownHelpPanelDesc": "您可以使用以下快捷键或 Markdown 语法轻松管理标题、文本样式或创建其他 HTML 元素：",
        "newDraftCreated": "已创建新草稿",
        "newPageCreated": "已创建新页面",
        "newPostCreated": "已创建新文章",
        "nothingFound": "未找到区块",
        "paragraph": "段落",
        "quote": "引用",
        "quoteAuthor": "引用作者",
        "quoteText": "引用内容",
        "readMore": "阅读全文",
        "readMoreBlockName": "阅读全文区块",
        "selectFiles": "选择文件",
        "separator": "分隔符",
        "shortcuts": "快捷键",
        "sourceCode": "源代码",
        "searchForABlock": "搜索区块...",
        "startWriting": "开始写作...",
        "startWritingOrPressTabToChooseBlock": "开始写作或按 TAB 键选择区块。",
        "toc": "目录",
        "tocAutoGenerationInfo": "目录根据内容的标题 (H1-H6) 自动生成。",
        "togglePostStatsPanel": "切换文章统计面板",
        "unableToSetSpellCheckerForLanguage": "(!) 无法为所选语言设置拼写检查器 - ",
        "useOrderedList": "使用有序列表",
        "useUnorderedList": "使用无序列表",
        "viewBulkEdit": "批量编辑",
        "viewHelp": "查看帮助",
        "viewStats": "查看统计信息",
        "wideLine": "加宽线"
    },
    "file": {
        "addNewFile": "添加新文件",
        "backups": "备份",
        "createBackup": "创建备份",
        "createBackupConfirmMsg": "为您的备份选择一个名称——文件名只能包含字母、数字、连字符和下划线：",
        "createBackupErrorMsg": "创建备份时发生错误，请重试。",
        "createBackupNameEmptyMsg": "文件名不能为空，请输入名称。",
        "createBackupNameInUseMsg": "指定的文件名 (<strong>{filename}</strong>) 已被现有备份使用，请使用其他名称重试。",
        "createBackupSuccessMsg": "备份已创建。",
        "createFirstBackupMsg": "您尚未创建任何备份，先创建第一个备份吧！",
        "creatingBackup": "正在创建备份",
        "creationDate": "创建日期",
        "deleteBackupsConfirmMsg": "您确定要删除所选备份吗？此操作不可撤销。",
        "deleteBackupsErrorMsg": "删除所选备份时发生错误，请重试。",
        "deleteBackupsSuccessMsg": "所选备份已删除",
        "dragAndDropBackupFile": "将备份文件拖放到此处或",
        "dropYourFileHere": "将文件拖放到此处",
        "file": "文件",
        "fileFromFileManager": "来自文件管理器的文件",
        "fileManager": "文件管理器",
        "filename": "文件名",
        "files": "文件",
        "fileSemicolon": "文件：",
        "fileSize": "文件大小",
        "filterOrSearchFiles": "筛选或搜索文件...",
        "mediaFiles": "媒体/文件",
        "noBackupsAvailable": "暂无备份",
        "noFileInMediaFilesDirInfo": "media/files 目录中没有文件...",
        "noFileInRootDirInfo": "根目录中没有文件...",
        "noFileMatchingCriteriaInfo": "没有符合条件的文件。",
        "operations": "操作",
        "preparingFilesInOutputDir": "正在准备输出目录中的文件",
        "provideNameForNewFile": "请为新文件提供名称",
        "removeFilesConfirmMsg": "您确定要删除所选文件吗？此操作不可撤销。",
        "removeFilesSuccessMsg": "所选文件已删除",
        "rename": "重命名",
        "renameBackupConfirmLabel": "重命名文件",
        "renameBackupConfirmMsg": "请指定新的备份文件名：",
        "renameBackupErrorMsg": "重命名所选备份文件时发生错误，请重试。",
        "renameBackupNameEmptyMsg": "备份文件名不能为空，请重试。",
        "renameBackupNameInUseMsg": "指定的名称已被其他备份文件使用，请重试。",
        "renameBackupSameNameMsg": "指定的名称与原名称相同，请重试。",
        "renameBackupSuccessMsg": "备份已成功重命名。",
        "restore": "恢复",
        "restoreBackupConfirmLabel": "恢复备份",
        "restoreBackupConfirmMsg": "您确定要恢复所选备份吗？现有文件将被覆盖。",
        "restoreBackupErrorMsg": "恢复所选备份文件时发生错误：",
        "restoreBackupSuccessMsg": "网站已成功恢复。",
        "rootDirectory": "根目录",
        "selectedFileExistsMsg": "以下文件无法复制，因为它们已存在于所选目录：",
        "selectedFilenameInUseMsg": "所选文件名已被使用，请使用其他文件名。",
        "selectFile": "选择文件",
        "selectFileFromFileManager": "从文件管理器中选择文件",
        "uploadFiles": "上传文件"
    },
    "gdpr": {
        "addGroup": "添加分组",
        "embedConsents": {
            "addRule": "添加规则",
            "groupButtonLabel": "按钮标签",
            "groupCookieGroup": "Cookies 分组",
            "groupRule": "URL 包含",
            "groupRulePlaceholder": "youtube.com",
            "groupTextPlaceholder": "同意文本"
        },
        "groupDescriptionPlaceholder": "在此输入 Cookies 分组描述",
        "groupID": "分组 ID",
        "groupName": "分组名称",
        "state": "状态"
    },
    "image": {
        "addImages": "添加图片",
        "align": "对齐方式",
        "centeredImage": "居中图片",
        "columns": "列数：",
        "dropFeaturedImageOr": "将特色图片拖放到此处或",
        "dropToUploadPhotoOr": "拖放上传图片或",
        "eightColumns": "8 列",
        "enterAltText": "输入替代文本",
        "enterCaption": "输入图片标题",
        "fiveColumns": "5 列",
        "fourColumns": "4 列",
        "fullWidth": "全宽",
        "fullWidthImage": "全宽图片",
        "image": "图片",
        "imageAlternativeText": "图片替代文本",
        "imageCaption": "图片标题",
        "images": "图片",
        "insertEditGallery": "插入/编辑图库",
        "layout": "布局",
        "loadingImage": "正在加载图片...",
        "none": "无",
        "oneColumn": "1 列",
        "pictures": "图片",
        "removeImage": "移除图片",
        "sevenColumns": "7 列",
        "sixColumns": "6 列",
        "threeColumns": "3 列",
        "twoColumns": "2 列",
        "uploading": "正在上传",
        "wide": "加宽",
        "wideImage": "加宽图片",
        "yourGalleryIsEmpty": "您的图库为空"
    },
    "langs": {
        "addLanguageSuccessMessage": "语言已添加",
        "deleteLanguage": "删除语言",
        "getMoreLanguages": "获取更多语言",
        "goToLanguagesManager": "前往语言管理",
        "installLanguage": "安装语言",
        "isOutdated": "已过期",
        "isOutdatedTitle": "该语言支持 Publii 最高版本为 v.{supportedVersion}，而您使用的是 Publii v.{currentVersion}——请更新 Publii 以使用此语言。",
        "language": "语言：",
        "languageChangedMsg": "应用语言已更改",
        "languageChangeError": "更改语言时发生错误，请重试。",
        "languageLoadingError": "加载应用语言时发生错误，将使用默认语言（英语）。请前往语言设置选择其他语言。",
        "languages": "语言",
        "removeLanguageMessage": "您确定要删除 {languageName} 语言吗？",
        "removeLanguageSuccessMessage": "所选语言已删除",
        "updatedLanguageSuccessMessage": "所选语言已更新",
        "uploadLanguageErrorMessage": "安装过程中发生错误，请重试。"
    },
    "link": {
        "addDownloadAttr": "添加 \"download\" 属性",
        "addLink": "添加链接",
        "addNofollow": "添加 rel=\"nofollow\"",
        "downloadAttribute": "'download' 属性：",
        "insertEditLink": "插入/编辑链接",
        "linkInvalidMsg": "抱歉！该链接似乎无效。",
        "linkRelAttribute": "链接 \"rel\" 属性",
        "linkTitleAttribute": "链接 \"title\" 属性",
        "openInNewTab": "在新标签页打开",
        "previewLinkInBrowser": "在浏览器中预览此链接",
        "previewOnlyExternalLinksMsg": "您只能在文章编辑器中预览外部链接",
        "removeLink": "移除链接",
        "selectLinkType": "选择链接类型"
    },
    "menu": {
        "addMenuItem": "添加菜单项",
        "addNewMenu": "添加新菜单",
        "addNewMenuItem": "添加新菜单项",
        "addSubmenu": "添加子菜单",
        "addSubmenuItem": "添加子菜单项",
        "assignedMenu": "分配菜单",
        "classCSS": "CSS 类",
        "createNewMenu": "创建新菜单",
        "deleteThisMenuItem": "删除此菜单项",
        "duplicateThisMenuItem": "复制此菜单项",
        "editMenuItem": "编辑菜单项",
        "editMenuName": "编辑菜单名称",
        "editThisMenuItem": "编辑此菜单项",
        "externalLink": "外部链接",
        "externalURL": "外部 URL",
        "hideThisMenuItem": "隐藏此菜单项",
        "insertActions": "插入所选项：",
        "insertAfter": "在后面插入",
        "insertAsChild": "作为子菜单插入",
        "insertBefore": "在前面插入",
        "internalLink": "内部链接",
        "items": "菜单项",
        "label": "标签",
        "likedItemError": "关联项未渲染（空标签/作者页面）、不存在或已被删除",
        "likedItemIsADraft": "关联项为草稿",
        "menu": "菜单",
        "menuItemsRemoveMessage": "您确定要删除所选菜单项吗？",
        "menuItemIsHidden": "此菜单项已隐藏",
        "menuNameCannotBeEmptyCreateNewMenuErrorMessage": "菜单名称不能为空，请输入菜单名称。",
        "menuNameCannotBeEmptyErrorMessage": "菜单名称不能为空，请输入新的菜单名称。",
        "menuNameExistsErrorMessage": "指定的菜单名称已存在，请使用其他名称。",
        "menuNameHasBeenEdited": "菜单名称已编辑",
        "menuNameInUseErrorMessage": "指定的菜单名称已被使用，请输入新的菜单名称。",
        "menusRemoveMessage": "您确定要删除所选菜单吗？",
        "menusRemoveSuccessMessage": "所选菜单已删除",
        "moveItem": "移动",
        "newMenuCreated": "已创建新菜单",
        "noMenusAvailable": "暂无菜单",
        "noMenusCreateNewOne": "您尚未创建任何菜单，先创建第一个菜单吧！",
        "noMenusMessage": "当前没有菜单项；请通过上方“添加菜单项”按钮创建新的菜单项。",
        "provideNameForNewMenu": "请输入新菜单名称：",
        "provideNewNameForMenu": "请输入所选菜单的新名称：",
        "selectItemType": "选择菜单项类型",
        "selectLinkTarget": "选择链接目标",
        "showThisMenuItem": "显示此菜单项",
        "textSeparator": "文本分隔符",
        "type": "类型",
        "unassigned": "未分配",
        "unselect": "取消选择"
    },
    "menuPositionPopup": {
        "invalidValue": "无效值：输入的值不能为 0，并且不能超过主题默认的最大限制。使用 -1 表示无限制。",
        "maxLevels": "最大层级：",
        "themeDefaultValue": "主题默认值：",
        "title": "配置菜单位置",
        "usedBy": "被其他菜单使用："
    },
    "page": {
        "addNewPage": "添加新页面",
        "addPageTitle": "添加页面标题",
        "all": "全部",
        "closeHierarchy": "关闭编辑",
        "changePageDate": "更改页面日期",
        "cleanUrlsDisabled": "请在站点设置中启用“美化 URL”，以解锁“编辑层级”选项。这将方便您管理页面的父子关系。",
        "editHierarchy": "编辑层级",
        "configureThemeBeforeGeneratingPreview": "在生成页面预览前，必须为该网站选择并配置主题。",
        "convertToPost": "转换为文章",
        "currentDefaultTemplate": "当前默认模板",
        "customPageTypes": "自定义页面类型",
        "drafts": "草稿",
        "duplicate": "复制",
        "duplicatePageErrorMessage": "复制所选页面时发生错误，请重试。",
        "duplicatePageSuccessMessage": "所选页面已复制",
        "editorBlock": "区块编辑器",
        "editorBlockInfo": "现代直观的编辑器，支持快捷键和 Markdown，轻松写作，无需关注 HTML 或其他代码。",
        "editorBlockNotSupportedEditPageInfo": "当前主题不支持该页面使用的区块编辑器。此页面可能在输出文件中显示不正确。",
        "editorBlockNotSupportedNewPageInfo": "当前主题不支持该页面使用的区块编辑器。此页面可能在输出文件中显示不正确。",
        "editorBlockUse": "使用区块编辑器",
        "editorMarkdown": "Markdown 编辑器",
        "editorMarkdownInfo": "支持 Markdown 语法，便于快速创作内容；适合文档等大篇幅、简洁的项目。",
        "editorMarkdownUse": "使用 Markdown 编辑器",
        "editorWYSIWYG": "所见即所得编辑器",
        "editorWYSIWYGInfo": "提供熟悉的文字处理体验，附加工具方便用户精确控制页面内容。",
        "editorWYSIWYGUse": "使用 WYSIWYG 编辑器",
        "editPageAnyway": "仍然编辑页面",
        "filterOrSearchPages": "筛选或搜索页面...",
        "insertActions": "插入所选页面",
        "insertAfter": "在后面插入",
        "insertAsChild": "作为子页面插入",
        "insertBefore": "在前面插入",
        "isHomepage": "首页",
        "markAsDraft": "标记为草稿",
        "markAsFeatured": "标记为精选",
        "markAsUnfeatured": "取消精选",
        "modificationDate": "修改日期",
        "moveItem": "移动",
        "moveToTrash": "移动到回收站",
        "noPagesMatchingYourCriteria": "没有符合条件的页面。",
        "noParentPage": "无父页面",
        "openEditorAnyway": "仍然打开编辑器",
        "page": "页面",
        "pageAuthor": "页面作者",
        "pageLink": "页面链接",
        "pageName": "页面名称：",
        "pages": "页面",
        "pageSettings": "页面设置",
        "pageSlug": "页面别名",
        "pageSlugLengthWarning": "页面别名超过 250 个字符可能导致生成网站文件时出错。",
        "pageSlugTooLong": "页面别名过长",
        "pageSlugUpdateButton": "更新",
        "pageState": "页面状态",
        "pageStatusChangeSuccessMessage": "所选页面状态已更改",
        "pageTemplate": "页面模板",
        "parentPage": "父页面",
        "publicationDate": "发布日期",
        "publish": "发布",
        "published": "已发布",
        "removePageMessage": "您确定要删除所选页面吗？此操作不可撤销。",
        "removePageSuccessMessage": "所选页面已删除",
        "selectPage": "选择页面",
        "setAsParent": "设为父页面",
        "setAsSubpage": "设为子页面",
        "setCustomPageDate": "设置自定义发布日期",
        "status": "状态",
        "thisPageIsADraft": "此页面为草稿",
        "title": "标题",
        "trashed": "已删除",
        "unselectItem": "取消选择",
        "updatedOn": "更新于",
        "url": "URL"
    },
    "plugins": {
        "addPluginSuccessMessage": "插件已添加",
        "deletePlugin": "删除插件",
        "getMorePlugins": "获取更多插件",
        "goToPluginsManager": "前往插件管理",
        "installPlugin": "安装插件",
        "isIncompatible": "已过期",
        "isIncompatibleTitle": "该插件支持 Publii v.{supportedVersion} 及以上版本，而您使用的是 Publii v.{currentVersion}——请更新 Publii 以使用此插件。",
        "plugin": "插件：",
        "plugins": "插件",
        "removePluginMessage": "您确定要删除 {pluginName} 插件吗？",
        "removePluginSuccessMessage": "所选插件已删除",
        "updatedPluginSuccessMessage": "所选插件已更新",
        "uploadPluginErrorMessage": "安装过程中发生错误，请重试。"
    },
    "post": {
        "addNewPost": "添加新文章",
        "addPostTitle": "添加文章标题",
        "all": "全部",
        "changePostDate": "更改文章日期",
        "characters": "字符",
        "configureThemeBeforeGeneratingPreview": "在生成文章预览前，必须为该网站选择并配置主题。",
        "convertToPage": "转换为页面",
        "currentDefaultTemplate": "当前默认模板",
        "customPostTypes": "自定义文章类型",
        "drafts": "草稿",
        "duplicate": "复制",
        "duplicatePostErrorMessage": "复制所选文章时发生错误，请重试。",
        "duplicatePostSuccessMessage": "所选文章已复制",
        "editorBlock": "区块编辑器",
        "editorBlockInfo": "现代直观的编辑器，支持快捷键和 Markdown，轻松写作，无需关注 HTML 或其他代码。",
        "editorBlockNotSupportedEditPostInfo": "当前主题不支持该文章使用的区块编辑器。此文章可能在输出文件中显示不正确。",
        "editorBlockNotSupportedNewPostInfo": "当前主题不支持该文章使用的区块编辑器。此文章可能在输出文件中显示不正确。",
        "editorBlockUse": "使用区块编辑器",
        "editorMarkdown": "Markdown 编辑器",
        "editorMarkdownInfo": "支持 Markdown 语法，便于快速创作内容；适合文档等大篇幅、简洁的项目。",
        "editorMarkdownUse": "使用 Markdown 编辑器",
        "editorWYSIWYG": "所见即所得编辑器",
        "editorWYSIWYGInfo": "提供熟悉的文字处理体验，附加工具方便用户精确控制页面内容。",
        "editorWYSIWYGUse": "使用 WYSIWYG 编辑器",
        "editPostAnyway": "仍然编辑文章",
        "excluded": "已排除",
        "excludeFromHomepage": "从首页排除",
        "featured": "精选",
        "filterOrSearchPosts": "筛选或搜索文章...",
        "hidden": "隐藏",
        "hidePost": "隐藏文章",
        "includeInHomepage": "包含在首页",
        "markAsDraft": "标记为草稿",
        "markAsFeatured": "标记为精选",
        "markAsUnfeatured": "取消精选",
        "min": "分钟",
        "modificationDate": "修改日期",
        "moveToTrash": "移动到回收站",
        "noPostsMatchingYourCriteria": "没有符合条件的文章。",
        "openEditorAnyway": "仍然打开编辑器",
        "paragraphs": "段落",
        "post": "文章",
        "postAuthor": "文章作者",
        "postLink": "文章链接",
        "postName": "文章名称：",
        "postPage": "文章页面",
        "posts": "文章",
        "postSettings": "文章设置",
        "postSlug": "文章别名",
        "postSlugLengthWarning": "文章别名超过 250 个字符可能导致生成网站文件时出错。",
        "postSlugTooLong": "文章别名过长",
        "postSlugUpdateButton": "更新",
        "postState": "文章状态",
        "postStatusChangeSuccessMessage": "所选文章状态已更改",
        "postTemplate": "文章模板",
        "postWillNotAppearOnHomepageListMsg": "文章不会出现在首页列表中",
        "postWillNotAppearOnListMsg": "文章不会出现在生成的文章列表中，如标签页或作者页",
        "publicationDate": "发布日期",
        "publish": "发布",
        "published": "已发布",
        "readingTime": "阅读时间",
        "removePostMessage": "您确定要删除所选文章吗？此操作不可撤销。",
        "removePostSuccessMessage": "所选文章已删除",
        "selectPostPage": "选择文章页面",
        "sentences": "句子",
        "setCustomPostDate": "设置自定义发布日期",
        "status": "状态",
        "thisPostIsADraft": "此文章为草稿",
        "thisPostIsExcludedFromHomepage": "此文章已从首页排除",
        "thisPostIsFeatured": "此文章为精选",
        "thisPostIsHidden": "此文章已隐藏",
        "title": "标题",
        "trashed": "已删除",
        "uniqueWords": "独立词",
        "updatedOn": "更新于",
        "url": "URL",
        "words": "单词"
    },
    "publii": {
        "aboutPublii": "关于 Publii",
        "currentPubliiVersion": "版本",
        "accept": "接受",
        "copyright": "Copyright 2025 <a href=\"https://tidycustoms.net\" target=\"_blank\" rel=\"noopener noreferrer\">TidyCustoms</a>。保留所有权利。<br>Publii 由核心团队设计和维护，并借助 <a href=\"https://electronjs.org\" target=\"_blank\" rel=\"noopener noreferrer\">Electron</a> 开源项目及其他开源资源实现。",
        "creditsIntro": "Publii 使用了以下第三方开源软件：",
        "dataCollectionInfo": "<strong>我们不会收集任何</strong>个人数据；在使用 Publii 应用时，我们不存储、追踪，也不允许第三方收集您的任何可识别个人信息。",
        "homepage": "首页",
        "license": "许可协议",
        "licensingInformation": "许可信息",
        "openSourceSoftware": "开源软件",
        "publiiLicenseAgreement": "Publii 许可协议",
        "publiiLicenseAgreementInfo": "本软件基于 GNU GPL 第三版许可。<br>点击“接受”即表示您同意"
    },
    "rendering": {
        "errorDuringPreviewCreatingMsg": "生成预览时发生错误。",
        "rendering": "正在渲染…",
        "renderingErrorText": "网站渲染过程中发生错误。",
        "renderingPleaseWait": "请稍候，渲染过程正在进行中。",
        "selectThemeBeforeCreatingPreviewMsg": "在生成网站预览前，您必须先选择一个主题。请前往网站设置部分选择主题。"
    },
    "repeater": {
        "addItem": "添加项",
        "duplicateItem": "复制项",
        "emptyState": "点击按钮添加第一个元素",
        "removeItem": "删除项"
    },
    "settings": {
        "addGDPRCookieBanner": "启用横幅",
        "additionalValidElementsInWYSIWYGEditor": "WYSIWYG 编辑器中允许的额外元素",
        "additionalValidElementsInWYSIWYGEditorInfo": "如果 WYSIWYG 编辑器自动删除了 HTML 代码中的某些标签，可以在此添加为允许元素。<br>例如：<strong>v-select[*],v-dropdown[*]</strong> 将允许带任意属性的自定义 v-select 和 v-dropdown 标签。",
        "advancedOptions": "高级选项",
        "advancedPreviewDesc": "高级预览允许在不打开浏览器的情况下渲染网站",
        "alwaysAddIndexHTMLInURLs": "总是在 URL 中添加 index.html",
        "alwaysSaveSearchState": "始终保存搜索状态",
        "anchorLink": "锚点链接",
        "appSettings": "应用设置",
        "appSettingsSavedMsg": "应用设置已成功保存。",
        "appSettingsSaveErrorMsg": "保存应用设置时发生错误，请重试。",
        "appUIZoomLevel": "界面缩放比例",
        "appUIZoomLevelInfo": "调整界面缩放比例以提高可视性和操作舒适度，使文字、图标及其他界面元素清晰可读。",
        "ascending": "升序",
        "authorPage": "作者页面",
        "authorPages": "作者页面",
        "authorPageTitleVariables": "可使用以下变量：%authorname, %sitename。",
        "authorPrefix": "作者前缀：",
        "authorPrefixInfo": "定义出现在 URL 中作者 slug 前的前缀，例如 <strong>https://example.com/AUTHOR_PREFIX/author-slug</strong>。<br>",
        "authorPrefixInfoExtended": "定义出现在 URL 中作者 slug 前的前缀，例如 <strong>https://example.com/POSTS_PREFIX/AUTHORS_PREFIX/author-slug</strong>。<br>",
        "authorsPrefixAfterPostsPrefix": "将作者前缀放在文章前缀之后",
        "authorsPrefixCannotBeEmpty": "作者前缀不能为空。",
        "authorsPrefixCannotEqualTagsPrefix": "作者前缀不能与标签前缀相同。",
        "backupLocation": "备份存储位置",
        "backupLocationChangedConfirmMsg": "备份存储位置已更改，所有新备份将存储在此目录。如需访问早期备份，可手动移动到新目录。",
        "badge": "徽章",
        "badgeAndCustomLink": "徽章 + 自定义链接",
        "badgeLabel": "徽章标签",
        "bannerPosition": "横幅位置",
        "basicSettings": "基础设置",
        "byIDAscending": "按 ID 升序",
        "byIDDescending": "按 ID 降序",
        "cannotAddIndexHTMLInURLsInfo": "如果服务器打开文件夹时无法默认加载 index.html 文件，请启用此选项。",
        "cardTypes": "卡片类型：",
        "changeSitesLocationWithoutCopyingFiles": "更改站点位置，但不移动现有文件",
        "closePostEditorOnSave": "保存时关闭文章编辑器",
        "codeEditor": "代码编辑器（CodeMirror）",
        "colorTheme": "配色主题",
        "content": "内容",
        "continueSync": "继续并同步",
        "continueSyncNoRemoteFiles": "未能在服务器上找到远程文件列表。继续同步将上传所有网站文件。可取消以检查问题原因后重试。",
        "convertToWebp": "转换为 WebP 格式",
        "convertToWebpInfo": "启用后，所有 JPG、JPEG 和 PNG 图片将转换为 WebP 格式。启用后需重新生成缩略图。仅在使用 Sharp 库生成缩略图时可用。",
        "convertToWebpJimpWarning": "当前使用的 Jimp 引擎不支持此功能，请切换到 Sharp。",
        "cookieGroups": "Cookie 分组",
        "cookieBanner": "Cookie 横幅",
        "cookieBasic": "基础",
        "cookieBasicDescription": "此部分用于显示网站 Cookie 横幅，让访客了解网站使用 Cookie。",
        "cookieAdvanced": "高级",
        "cookieAdvancedDescription": "此部分用于显示弹窗，访客可管理特定分组的 Cookie 同意。",
        "createXMLSitemap": "生成 XML 网站地图",
        "currentTheme": "当前主题：",
        "currentThemeHasOverrides": "检测到您修改了主题文件，更新主题需合并自定义修改。点击“确定”继续更新，或“取消”先检查修改。",
        "customElementsInWYSIWYGEditor": "WYSIWYG 编辑器中的自定义元素",
        "customElementsInWYSIWYGEditorInfo": "如果 WYSIWYG 编辑器自动删除 HTML 中的标签，可在此添加自定义元素。<br>例如：<strong>v-select,v-dropdown</strong>",
        "customFeedTitle": "自定义 Feed 标题",
        "customLanguageCode": "自定义语言代码：",
        "darkMode": "暗黑模式",
        "defaultAuthorsOrdering": "默认作者排序：",
        "defaultOrderingOnLists": "列表默认排序：",
        "defaultPagesOrdering": "页面默认排序：",
        "defaultPostsOrdering": "文章默认排序：",
        "defaultTagsOrdering": "标签默认排序：",
        "descending": "降序",
        "disableAuthorsPagination": "禁用作者分页",
        "disableAuthorsPaginationIndexing": "禁用作者分页索引",
        "disableAuthorsPaginationIndexingInfo": "启用后，作者分页文件将被排除在网站地图外，并添加 <strong>noindex, follow</strong> 元标签。",
        "disableAuthorsPaginationInfo": "启用后，不生成作者分页。",
        "disableHomepagePagination": "禁用首页分页",
        "disableHomepagePaginationInfo": "启用后，不生成首页分页。",
        "disableHomepagePaginationIndexing": "禁用首页分页索引",
        "disableTagsPagination": "禁用标签分页",
        "disableTagsPaginationIndexing": "禁用标签分页索引",
        "disableTagsPaginationIndexingInfo": "启用后，标签分页文件将被排除在网站地图外，并添加 <strong>noindex, follow</strong> 元标签。",
        "disableTagsPaginationInfo": "启用后，不生成标签分页。",
        "displayEmptyAuthors": "显示无文章作者",
        "displayEmptyAuthorsInfo": "启用后，即使作者没有文章，也会在作者列表中显示。",
        "displayEmptyTags": "显示无文章标签",
        "displayEmptyTagsInfo": "启用后，即使标签没有文章，也会在标签列表中显示。",
        "dontIndexThisPage": "阻止搜索引擎抓取整个网站",
        "editorFontFamily": "字体",
        "editorFontFamilySansSerif": "无衬线",
        "editorFontFamilySerif": "有衬线",
        "editorFontSize": "字体大小 (px)",
        "editors": "编辑器",
        "embedConsents": "嵌入内容同意",
        "embedConsentsDescription": "可阻止第三方 iframe 内容加载，未同意相应 Cookie 时显示占位提示。",
        "embedVideos": "嵌入视频",
        "enableAdvancedPreview": "启用高级预览",
        "enableAutoIndent": "启用自动缩进",
        "enableCSSCompression": "启用 CSS 压缩",
        "enableHTMLCompression": "启用 HTML 压缩",
        "enableJSONFeed": "启用 JSON Feed",
        "enableMediaLazyLoad": "启用媒体懒加载",
        "enableMediaLazyLoadInfo": "启用原生懒加载图片、视频和 iframe。",
        "enableResponsiveImages": "启用响应式图片",
        "enableResponsiveImagesInfo": "启用后，可根据屏幕分辨率提供不同尺寸图片。",
        "enableRSSFeed": "启用 RSS Feed",
        "enableSharingButtons": "启用分享按钮",
        "enableSpellchecker": "启用拼写检查",
        "errorPage": "错误页面：",
        "errorPageFilenameCannotBeEmpty": "错误页面文件名不能为空。",
        "errorPageFilenameCannotEqualSearchPageFilename": "错误页面文件名不能与搜索页面相同。",
        "errorPageTitleVariables": "可使用以下变量：%sitename。",
        "excludedFiles": "排除文件",
        "excludeFeaturedPosts": "排除精选文章",
        "excludeFilesFromSitemapInfo": "输入要从网站地图排除的 HTML 文件或文件夹，使用逗号分隔。<br>例如：<strong>avoid-this-file.html,avoid-this-catalog-too</strong>。",
        "experimentalFeaturesWarning": "此部分包含实验功能，可能不稳定，请谨慎启用。",
        "experimentalFeatureAppAutoBeautifySourceCode": "自动美化 WYSIWYG 源码",
        "experimentalFeatureAppAutoBeautifySourceCodeDesc": "启用后自动美化 WYSIWYG 编辑器中的源码",
        "experimentalFeatureAppFtpAlt": "使用备用 FTP 库部署",
        "experimentalFeatureAppFtpAltDesc": "如果服务器使用 IPv6，可尝试启用此功能",
        "externalImages": "外部图片",
        "externalPage": "外部页面",
        "facebook": "Facebook",
        "facebookAppID": "Facebook 应用 ID",
        "facebookAppIDInfo": "查看如何获取 <a href=\"https://developers.facebook.com/docs/apps/\" target=\"_blank\" rel=\"noopener noreferrer\">Facebook App ID</a>。",
        "fallbackImage": "备用图片",
        "fallbackLogoImage": "备用 Logo",
        "fallbackLogoImageInfo": "Logo 应适合 60 × 600 像素的区域。",
        "featuredPostsOrderBy": "精选文章排序依据：",
        "featuredPostsOrdering": "精选文章排序：",
        "feedsRelativeUrlsInfo": "请禁用“使用相对 URL”选项，否则 RSS/JSON Feed 将无法生成。",
        "feedTitle": "Feed 标题：",
        "feedUpdatedDateType": "文章更新时间设置为：",
        "filesLocation": "文件位置",
        "footerText": "页脚文本",
        "frontpage": "首页",
        "frontpagePageCannotBeEmpty": "首页选择不能为空。",
        "gConsentModeDefaultState": "默认状态",
        "gConsentModeEnabled": "启用 Google 同意模式",
        "gConsentMode": {
            "addGroup": "添加 Cookie 分组设置",
            "cookieGroup": "Cookie 分组",
            "description": "此部分允许指定 Google 同意模式默认状态，并设置用户接受特定 Cookie 分组时发送的信号。仅在使用 Google Analytics、Google Ads 等工具时才需要启用。",
            "title": "Google 同意模式"
        }
    },
    "site": {
        "addNewWebsite": "添加新网站",
        "cloneWebsite": "克隆网站",
        "cloneWebsiteSuccessMsg": "网站已克隆。已切换至：",
        "createNewWebsite": "创建新网站",
        "createWebsite": "创建网站",
        "createYourFirstWebsite": "创建您的第一个网站",
        "creationInProgress": "正在创建中……",
        "deleteWebsite": "删除网站",
        "deleteWebsiteConfirmMsg": "您确定要删除此网站吗？此操作无法撤销。",
        "deleteWebsiteCSuccessMsg": "网站已删除。",
        "deleteWebsiteSuccessMsg": "网站已删除。已切换至：",
        "duplicateWebsite": "复制网站",
        "erroOcurredDuringSiteDatabaseCreationInfo": "创建网站数据库时发生错误。请检查杀毒软件并重试。您可能还需要从 Publii 的 sites 目录中删除无效网站文件夹。",
        "installFromBackup": "从备份安装",
        "removeWebsite": "移除网站",
        "restoreFromBackup": {
            "createWebsite": "创建网站",
            "invalidBackupContent": "上传的文件不是有效的备份。",
            "invalidSiteData": "上传的备份已损坏。",
            "iWantChangeName": "更改网站名称",
            "restoreFailed": "从备份创建网站时发生错误，请重试。",
            "selectSiteName": "请指定网站名称",
            "siteExistsWantOverride": "所选目录下已存在网站。是否继续并可能丢失之前所有网站数据？备份网站将覆盖同名现有网站。",
            "siteNameCannotBeEmpty": "网站名称不能为空",
            "unsupportedFormat": "不支持的格式，请使用 TAR 备份文件。",
            "unpackError": "解压备份时发生错误，请重试。",
            "yesPleaseOverride": "是，覆盖"
        },
        "selectedBackupFile": "选定的备份文件：",
        "siteDescription": "网站描述（内部使用）",
        "siteLoadingErrorMsg": "加载所选网站时发生错误，请检查网站文件并重试。",
        "siteName": "网站名称：",
        "siteSettingsSaveSuccessMsg": "网站设置已成功保存。",
        "siteWithThisNameExists": "已存在使用此名称的网站！",
        "specifyNameForWebsiteDuplicate": "请为复制的网站指定新名称：",
        "websiteAuthorRequired": "必须提供作者名称，且应包含字母",
        "websiteName": "网站名称",
        "websiteNameAlreadyInUseMsg": "所选名称已被其他网站使用，请重试。",
        "websiteNameCantBeEmpty": "网站名称不能为空，请重试。",
        "websiteNameRequired": "必须提供网站名称",
        "websiteNotFound": "未找到网站"
    },
    "supportedFeatures": {
        "featureNames": {
            "authorImages": "作者特色图片",
            "authorPages": "作者子页面",
            "blockEditor": "区块编辑器",
            "customComments": "自定义评论",
            "customSearch": "自定义搜索",
            "errorPage": "错误子页面",
            "searchPage": "搜索子页面",
            "tagImages": "标签特色图片",
            "tagsList": "标签列表子页面",
            "tagPages": "标签子页面"
        },
        "yourThemeDoNotSupport": "您当前的主题不支持所需功能：{featureName}"
    },
    "sync": {
        "accessID": "访问 ID",
        "accessIDFieldCantBeEmpty": "访问 ID 字段不能为空",
        "acl": "ACL",
        "afterInitialSyncSiteWillBeAvailableOnline": "首次同步后，您的网站将上线可访问",
        "allFilesUploadedPart1": "所有文件已成功上传到您的服务器。 ",
        "allFilesUploadedPart2": "点击下面按钮访问您的网站。",
        "apiRateLimiting": "API 请求速率限制",
        "apiRateLimitingNote": "仅在您使用 Github Enterprise 并禁用 API 限制时才关闭此选项。否则可能导致部署错误。",
        "apiServer": "API 服务器",
        "apiServerNote": "仅在使用自建 GitHub 实例（企业版）时修改此值。",
        "authenticationMethod": "身份验证方法",
        "branch": "分支",
        "branchExampleGitNote": "示例：<strong>main</strong>、<strong>gh-pages</strong> 或 <strong>docs</strong>。",
        "branchExampleGitHubNote": "示例：<strong>gh-pages</strong>、<strong>docs</strong> 或 <strong>main</strong>。",
        "branchExampleGitLabeNote": "示例：<strong>main</strong>",
        "branchFieldCantBeEmpty": "分支字段不能为空",
        "bucket": "存储桶",
        "bucketFieldCantBeEmpty": "存储桶字段不能为空",
        "certificates": "证书",
        "changeServerType": "更改服务器类型",
        "checkingConnection": "正在检查连接…",
        "clickToChangeDeploymentMethod": "点击以更改当前使用的部署方法",
        "commitAuthor": "提交作者",
        "commitAuthorFieldCantBeEmpty": "提交作者字段不能为空",
        "commitEmail": "提交作者邮箱",
        "commitMessage": "提交信息",
        "commitMessageFieldCantBeEmpty": "提交信息字段不能为空",
        "configureServer": "配置服务器",
        "connectedToServer": "已连接到服务器",
        "connectingToServer": "正在连接服务器…",
        "connectionToServerErrorAdditionalMessage": "连接服务器时发生错误：",
        "connectionToServerErrorMessage": "连接服务器时发生错误。请检查服务器设置或重试。",
        "connectionToServerErrorText": "连接服务器时发生错误…",
        "connectToServerCantStoreFilesErrorMsg": "错误！应用已能连接服务器，但无法存储文件。请检查服务器上的文件权限",
        "connectToServerErrorMsg": "错误！应用无法连接到您的服务器。",
        "connectToServerSuccessMsg": "成功！应用已成功连接到您的服务器。",
        "deploymentMethodFilesPubliiMsg": "所选部署方法使用 <strong>files.publii.json</strong> 文件进行同步。如有需要，请在服务器配置中保护此文件 - <a href=\"https://getpublii.com/docs/recommended-server-settings.html#sync-file\" target=\"_blank\">了解更多</a>",
        "deploymentMethodFtpMsg": "FTP 协议为非加密传输，发送的用户名和密码可能被拦截。建议使用 FTPS 或 SFTP 协议。",
        "deploymentMethodGitMsg": "有关使用 Git 配置网站的详细信息，请查看 Publii 在线 <a href=\"https://getpublii.com/docs/host-static-website-git-repository.html\" target=\"_blank\" rel=\"noopener noreferrer\">文档</a>。",
        "deploymentMethodGithubPagesMsg": "有关使用 Github Pages 配置网站的详细信息，请查看 Publii 在线 <a href=\"https://getpublii.com/docs/host-static-website-github-pages.html\" target=\"_blank\" rel=\"noopener noreferrer\">文档</a>。",
        "deploymentMethodGitNote": "请注意，如果您使用自定义域名，必须在根目录文件管理器中放置 CNAME 文件",
        "deploymentMethodGithubPagesNote": "这是您的 Github 仓库路径，格式应为：<strong>YOUR_USERNAME.github.io/YOUR_REPOSITORY_NAME</strong>。<br>若使用自定义域名，请仅填写自定义域名。",
        "deploymentMethodGitlabPagesMsg": "有关使用 GitLab Pages 配置网站的详细信息，请查看 Publii 在线 <a href=\"https://getpublii.com/docs/host-static-website-gitlab-pages.html\" target=\"_blank\" rel=\"noopener noreferrer\">文档</a>。",
        "deploymentMethodGoogleCloudMsg": "有关使用 Google Cloud 配置网站的详细信息，请查看 Publii 在线 <a href=\"https://getpublii.com/docs/make-static-website-google-cloud.html\" target=\"_blank\" rel=\"noopener noreferrer\">文档</a>。",
        "deploymentMethodNetlifyMsg": "有关使用 Netlify 配置网站的详细信息，请查看 Publii 在线 <a href=\"https://getpublii.com/docs/build-a-static-website-with-netlify.html\" target=\"_blank\" rel=\"noopener noreferrer\">文档</a>。",
        "deploymentMethodS3Msg": "有关使用 S3 配置网站的详细信息，请查看 Publii 在线 <a href=\"https://getpublii.com/docs/setup-static-website-hosting-amazon-s3.html\" target=\"_blank\" rel=\"noopener noreferrer\">文档</a>。",
        "deploymentSettingDatHyperIpfsProtocolNote": "\"dat://\"、\"hyper://\"、\"dweb://\" 和 \"ipfs://\" 协议仅在计划在 P2P 网络上使用网站时有用。了解更多：<a href=\"https://datproject.org/\" target=\"_blank\" rel=\"noopener noreferrer\">dat://</a>、<a href=\"https://hypercore-protocol.org/\" target=\"_blank\" rel=\"noopener noreferrer\">hyper://</a>、<a href=\"https://dwebx.org/\" target=\"_blank\" rel=\"noopener noreferrer\">dweb://</a> 和 <a href=\"https://ipfs.io/\" target=\"_blank\" rel=\"noopener noreferrer\">IPFS</a>",
        "deploymentSettingDoubleSlashProtocolNote": "注意：使用 \"//\" 协议时，Open Graph 标签、分享按钮等功能可能无法正常工作。",
        "deploymentSettingFileProtocolNote": "\"file://\" 协议仅用于内部网络网站的手动部署。",
        "deploymentSettingRelativeUrlsNote": "注意：使用相对 URL 时，Open Graph 标签、站点地图、RSS/JSON 订阅等功能将被禁用。",
        "deprecated": "已弃用",
        "destinationServerNotConfiguredErrorMessage": "目标服务器未正确配置，网站无法同步。<br>请检查服务器设置以确保信息正确。",
        "destinationServerNotConfiguredErrorText": "请确保目标服务器已正确配置。",
        "domainNameNotSetErrorMessage": "设置中缺少域名，网站无法同步。<br>请检查服务器设置并输入域名。",
        "domainNameNotSetErrorText": "请确保域名已设置。",
        "duringSyncYouCantChangeFilesLocation": "同步过程中无法更改文件位置。",
        "fieldIsCaseSensitive": "该字段区分大小写。",
        "filesNotSyncedErrorMessage": "请使用“工具 -> 日志查看器”检查 hard-upload-errors-log.txt 文件。",
        "filesNotSyncedErrorText": "部分文件未正确同步。",
        "ftp": "FTP",
        "ftps": "FTPS",
        "ftpWithSSLTLS": "FTP (带 SSL/TLS)",
        "generatePreviewFiles": "生成预览文件",
        "getWebsiteFiles": "获取网站文件",
        "git": "Git 仓库",
        "github": "GitHub",
        "githubPages": "GitHub Pages",
        "githubSyncedPart1": "Github Pages 的更改可能在部署完成后几分钟内不可见，",
        "githubSyncedPart2": "请耐心等待。",
        "gitlabPages": "GitLab Pages",
        "gitlabSyncedPart1": "Gitlab Pages 的更改可能在部署完成后几分钟内不可见，",
        "gitlabSyncedPart2": "请耐心等待。",
        "gitPassword": "密码 / 令牌",
        "gitPasswordNote": "若启用 2FA，请使用先前生成的访问令牌而非密码",
        "googleCloud": "Google Cloud",
        "googleCloudPrefixNote": "网站可能放在子目录下，请避免在前缀名开头使用斜杠（如 <strong>/blog/</strong>），否则会创建空目录。正确示例：<strong>blog</strong>。",
        "goToAppSettings": "前往应用设置",
        "goToSettings": "前往设置",
        "keyFile": "密钥文件",
        "lastRendered": "最后渲染时间",
        "lastSync": "最后同步时间",
        "leaveBlankToUseDefaultOutputDirectory": "留空以使用默认输出目录",
        "manualDeployment": "手动部署",
        "manualOutputFieldCantBeEmpty": "手动输出选择不能为空",
        "ManualUpload": "手动上传",
        "netlify": "Netlify",
        "netlifyToken": "Netlify 令牌",
        "nonCompressedCatalog": "非压缩目录",
        "note": "注意：",
        "operationsDone": "操作完成",
        "outputDirectory": "输出目录",
        "outputDirectoryNote": "Publii 将在所选目录创建 {siteName}-files 文件夹，若已存在将被新文件替换。",
        "outputType": "输出类型",
        "outputTypeNote": "Publii 将生成网站目录或 ZIP/TAR 压缩包，之后可手动上传到服务器。",
        "parallelUploads": "并行上传",
        "parallelUploadsNote": "更多并行操作可能导致上传错误或 API 403 错误。",
        "passphraseForKey": "密钥密码",
        "passphraseForKeyNote": "仅在密钥需要密码时使用",
        "port": "端口",
        "portFormatNote": "端口字段不能为空，且需在 1~65535 之间的整数。",
        "prefix": "前缀",
        "preparationError": "准备错误",
        "preparedToUpload": "已准备好上传",
        "preparingFiles": "正在准备文件",
        "previewCatalogDoesNotExistInfo": "预览目录不存在，请先在应用设置中选择正确的预览目录。",
        "previewChanges": "预览更改",
        "provideAccessData": "提供访问数据",
        "provideFTPPasswordFor": "请输入 FTP 密码：",
        "provideFTPPasswordForServer": "请输入以下服务器的 FTP 密码：",
        "region": "区域",
        "regionFieldCantBeEmpty": "区域选择不能为空",
        "remotePath": "远程路径",
        "remotePathMatchServerOrRootPathNote": "路径应与服务器路径匹配，例如 public_html/、public_html/blog/ 或根路径 /home/username/public_html/。",
        "remotePathMatchServerRootPathNote": "路径应与服务器根路径匹配，例如 /public_html/、/public_html/blog/。",
        "repository": "仓库",
        "repositoryFieldCantBeEmpty": "仓库字段不能为空",
        "repositoryUrl": "仓库 URL",
        "repositoryUrlFieldCantBeEmpty": "仓库 URL 不能为空",
        "repositoryUrlNote": "存储网站文件的 Git 仓库 URL",
        "requireCertificateForConnection": "连接时需有效证书",
        "requireFTPPassAlwaysOnSync": "每次同步都需要 FTP 密码",
        "s3CompatibleStorage": "S3 兼容存储",
        "s3PrefixNote": "网站可能放在子目录，请避免在前缀名开头使用斜杠（如 <strong>/blog/</strong>），正确示例：<strong>blog/</strong>。",
        "s3ProviderEndpoint": "S3 提供商端点",
        "s3ProviderEndpointNote": "当启用自定义 S3 提供商时，端点不能为空",
        "secretKey": "密钥",
        "secretKeyFieldCantBeEmpty": "密钥字段不能为空",
        "selectServerType": "选择服务器类型：",
        "serverFieldCantBeEmpty": "服务器字段不能为空。",
        "serverGitLabNote": "仅在使用自建 GitLab 实例时修改此值。",
        "serverSettingsSaveErrorMsg": "Publii 无法保存设置，请重启应用再试。如仍有问题，请在社区论坛报告。",
        "serverSettingsSaveLinuxErrorMsg": "Publii 无法保存设置，系统未安装安全密码存储软件。请按照 Node Keytar 安装指南操作：https://github.com/atom/node-keytar/，可能缺少 libsecret-1-dev 和 gnome-keyring。",
        "serverSettingsSaveSuccessMsg": "服务器设置已成功保存。",
        "settings": "设置",
        "sftp": "SFTP",
        "sftpKeyNote": "请选择密钥文件",
        "sftpWithKey": "SFTP（使用密钥）",
        "sftpWithPassword": "SFTP（使用密码）",
        "siteFieldCantBeEmpty": "网站 ID 字段不能为空",
        "siteID": "网站 ID",
        "siteIsInSync": "网站已同步",
        "syncFTPNoPasswordMsg": "没有密码无法同步网站，请重试",
        "syncInProgress": "同步进行中",
        "syncInProgressMessage": "同步过程中无法更改网站名称。",
        "syncYourWebsite": "同步您的网站",
        "tarArchive": "TAR 压缩包",
        "testConnection": "测试连接",
        "testConnectionNoPasswordMsg": "没有密码无法测试连接，请重试",
        "token": "令牌",
        "tokenFieldCantBeEmpty": "令牌字段不能为空",
        "uploadingWebsite": "正在上传网站",
        "useCustomS3Provider": "使用自定义 S3 提供商",
        "useCustomS3ProviderNote": "默认 S3 提供商为 AWS，如使用其他提供商需填写“ S3 提供商端点”。",
        "useFtps": "使用带 SSL/TLS 的 FTP",
        "useRelativeURLs": "使用相对 URL",
        "username": "用户名",
        "usernameFieldCantBeEmpty": "用户名字段不能为空。",
        "usernameOrganization": "用户名 / 组织",
        "visitWebsite": "访问网站",
        "visitYourWebsite": "访问您的网站",
        "websiteFilesPreparedInfo": "网站文件已准备好。请点击下方“获取网站文件”按钮，手动部署。",
        "websiteLinkInvalidMsg": "抱歉！网站链接似乎无效。",
        "websiteSynchronization": "网站同步",
        "websiteSynchronizationInfo": "目标位置中重复文件将被 Publii 生成的文件覆盖。",
        "websiteURL": "网站 URL",
        "youHaventSelectedAnyThemeInfo": "您尚未选择主题，请先在设置中选择主题。",
        "yourJSONKey": "您的 JSON 密钥",
        "yourJSONKeyFieldCantBeEmpty": "JSON 密钥文件不能为空",
        "yourPrivateKey": "您的私钥",
        "yourWebsiteIsInSync": "您的网站已同步完成",
        "zipArchive": "ZIP 压缩包"
    },
    "tag": {
        "addNewTag": "添加新标签",
        "addThisAsNewTag": "将此添加为新标签",
        "createFirstTag": "您还没有任何标签，让我们创建第一个吧！",
        "editTag": "编辑标签",
        "filterOrSearchTags": "筛选或搜索标签…",
        "hideTag": "隐藏标签",
        "leaveBlankToUseDefaultTagPageURL": "留空以使用默认标签页面 URL",
        "mainTag": "主标签",
        "newTagHasBeenCreated": "新标签已创建",
        "noMainTagForPostMsg": "如果文章有标签但未设置主标签，将默认使用按字母顺序排列的第一个标签。",
        "noSupportFoFeaturedImagesForTags": "您的主题不支持标签特色图片。",
        "noTagsAvailable": "没有可用的标签",
        "noTagsMatchingYourCriteria": "没有符合条件的标签。",
        "removeTagMessage": "您确定要删除选中的标签吗？",
        "removeTagSuccessMessage": "选中的标签已被删除",
        "themeDoesNotSupportForTagPagesInTheme": "由于主题不支持标签页面，\"保存并预览\"选项不可用。",
        "selectTag": "选择标签",
        "selectTagPage": "选择标签页面",
        "tag": "标签",
        "tagDataParsingErrorMessage": "解析 ID 为 {id} 的标签数据时发生错误：",
        "tagHasBeenEdited": "标签已编辑",
        "tagIsNotAllowed": "此标签不被允许",
        "tagLink": "标签链接",
        "tagName": "标签名称：",
        "tagNameCannotBeEmptyErrorMessage": "标签名称不能为空，请输入标签名称。",
        "tagNameInUseErrorMessage": "提供的标签名称已被使用，请尝试其他标签名称。",
        "tagNameNotAllowedErrorMessage": "所选标签名称/别名不被允许。",
        "tagNameSimilarInUseErrorMessage": "提供的标签名称已被使用（标签名称不区分大小写），请尝试其他标签名称。",
        "tagPage": "标签页面",
        "tagsListLink": "标签列表链接",
        "tagStatusChangeSuccessMessage": "选中标签的状态已更改",
        "tagWillNotAppearInGeneratedTagLists": "标签不会出现在生成的标签列表中，例如文章或标签页面。",
        "thisTagIsHidden": "此标签已隐藏",
        "toUseThisOptionEnableIndexingTagPages": "要使用此选项，请先在 SEO 设置中启用标签页面索引。",
        "url": "URL"
    },
    "theme": {
        "addThemeSuccessMessage": "主题已成功添加。",
        "authorOptions": "作者选项",
        "authorOptionsInfo": "作者选项部分允许您为作者设置全局额外信息。此部分的更改将影响网站上的所有作者，但您也可以在每位作者的编辑页面中覆盖主题设置。",
        "authorsPostsPerPage": "每页作者文章数：",
        "authorsPostsPerPageInfo": "如果希望在页面上显示所有作者的文章，请将值设为 -1。",
        "changeAppTheme": "更改应用主题",
        "customSettings": "自定义设置",
        "defaultPageTemplate": "默认页面模板",
        "defaultPostTemplate": "默认文章模板",
        "defaultTemplate": "默认模板",
        "deleteTheme": "删除主题",
        "dropYourThemeHere": "将主题文件拖到此处",
        "excerptLength": "摘要长度：",
        "getMoreThemes": "获取更多主题",
        "goToThemesManager": "进入主题管理器",
        "installTheme": "安装主题",
        "leaveBlankToUseDefault": "留空以使用默认值",
        "pageOptions": "页面选项",
        "pageOptionsInfo": "页面选项部分允许您为页面设置全局额外信息。此部分的更改将影响网站上的所有页面，但您也可以在每个页面的编辑页面中覆盖应用设置。",
        "postOptions": "文章选项",
        "postOptionsInfo": "文章选项部分允许您为文章设置全局额外信息。此部分的更改将影响网站上的所有文章，但您也可以在每篇文章的编辑页面中覆盖应用设置。",
        "postsPerPage": "每页文章数：",
        "postsPerPageInfo": "如果希望在页面上显示所有文章，请将值设为 -1。",
        "removeThemeMessage": "您确定要删除 {themeName} 主题吗？",
        "removeThemeSuccessMessage": "主题已成功删除。",
        "resetThemeSettings": "重置主题设置",
        "saveSettingsSuccessMessage": "主题设置已成功保存。",
        "selectTheme": "选择主题",
        "settingsResetMessage": "您确定要重置主题设置吗？",
        "settingsResetSuccessMessage": "主题设置已重置。",
        "tagOptions": "标签选项",
        "tagOptionsInfo": "标签选项部分允许您为标签设置全局额外信息。此部分的更改将影响网站上的所有标签，但您也可以在每个标签的编辑页面中覆盖主题设置。",
        "tagsPostsPerPage": "每页标签文章数：",
        "tagsPostsPerPageInfo": "如果希望在页面上显示所有标签文章，请将值设为 -1。",
        "themes": "主题",
        "themeSettings": "主题设置",
        "translations": "翻译",
        "translationsInfo": "如果需要将主题短语翻译成英文以外的语言，请查看我们关于 <a href=\"https://getpublii.com/dev/translations-api/\" target=\"_blank\" rel=\"noopener noreferrer\">翻译 API</a> 的文档。<br><br>",
        "updateThemeSuccessMessage": "主题已成功更新。",
        "uploadThemeErrorMessage": "上传的文件不正确。请上传主题目录或主题 ZIP 文件。",
        "websiteLogo": "网站 Logo："
    },
    "tools": {
        "css": {
            "customCSS": "自定义 CSS",
            "customCSSSaveSuccessMsg": "自定义 CSS 已成功保存。",
            "normal": "普通",
            "putCustomCSSComment": "在此处输入自定义 CSS 代码"
        },
        "customHTML": "自定义 HTML",
        "find": "查找：",
        "findAndReplace": "查找并替换：",
        "findAndReplaceShortcut": "Ctrl + Alt + F",
        "findAndReplaceShortcutMac": "Cmd + Alt + F",
        "findShortcut": "Ctrl + F",
        "findShortcutMac": "Cmd + F",
        "goToTools": "进入工具",
        "logFileEmpty": "日志文件为空...",
        "logViewer": "日志查看器",
        "pluginActivationError": "无法激活插件 - 请重试",
        "pluginDeactivationError": "无法停用插件 - 请重试",
        "selectFileToLoad": "选择要加载的文件",
        "thumbnails": {
            "listRegeneratedFiles": "已重新生成的文件列表：",
            "processingRegenerateThumbnailsInfo": "点击“重新生成缩略图”按钮将根据新主题定义生成新的图片尺寸。",
            "progress": "进度：",
            "regenerateThumbnails": "重新生成缩略图",
            "regenerateThumbnailsInfo": "如果您更换了主题或响应式图片出现问题，可以使用下面的按钮重新生成缩略图。如果网站图片较多，可能需要一些时间，请耐心等待。",
            "regenerateThumbnailsNotNecessaryInfo": "当前此网站未选择主题，无需重新生成缩略图。",
            "regeneratingThumbnails": "正在重新生成缩略图...",
            "skipRegeneration": "跳过重新生成",
            "themeOrThumbnailsSettingsChanged": "您的主题或缩略图设置已更改。",
            "thumbnailsCreated": "所有缩略图已创建完成。",
            "thumbnailsRegenerationCancelled": "缩略图重新生成已取消。"
        },
        "wpImport": {
            "addTagsToContentAutomatically": "自动向文章内容添加 <p> 和 <br> 标签",
            "categories": "分类",
            "checkingWXRFile": "正在检查所选 WXR 文件",
            "contentFormatting": "内容格式化：",
            "duringWXRAnalyzeWeHaveFound": "在 WXR 分析过程中发现",
            "importAuthors": "导入作者",
            "importData": "导入数据",
            "importingData": "正在导入数据",
            "importNote": "文章将以与所见即所得编辑器兼容的格式导入。",
            "importSelectedTypesOfPosts": "导入所选文章类型：",
            "pages": "页面",
            "postAuthors": "文章作者",
            "selectWXRFileLabel": "请选择 WXR 文件：",
            "selectWXRFilePlaceholder": "选择要导入的 WXR 文件",
            "usedTaxonomyForPosts": "文章使用的分类法：",
            "useMainAuthor": "使用 Publii 主作者",
            "wpImporter": "WordPress 导入器",
            "wpImportGoToRegenerateMsg": "您的 WordPress 数据已导入。如果已经选择了主题，可能需要重新生成缩略图。"
        }
    },
    "toolsPlugin": {
        "pluginSettingsLoadError": "加载插件设置时发生错误",
        "pluginSettingsSaveSuccess": "插件设置已成功保存",
        "pluginSettingsSaveError": "保存插件设置时发生错误",
        "tabsLabel": "插件设置",
        "thisPluginHasNoOptions": "此插件没有其他选项..."
    },
    "ui": {
        "aboutPublii": "关于 Publii",
        "alternativeText": "替代文本",
        "appConfiguration": "应用配置",
        "applyChanges": "应用更改",
        "authors": "作者",
        "backToTools": "返回工具",
        "backToPages": "页面",
        "backToPosts": "文章",
        "basicInformation": "基本信息",
        "beautifyCode": "美化代码",
        "blogIndexLink": "文章索引链接",
        "cancel": "取消",
        "cancelWarningMsg": "您将丢失所有未保存的更改，是否继续？",
        "canonicalURL": "规范 URL",
        "caption": "标题",
        "checkDocumentation": "查看 Publii 文档",
        "close": "关闭",
        "copyToClipboard": "复制到剪贴板",
        "credits": "鸣谢",
        "customLink": "自定义链接",
        "customTemplate": "自定义模板",
        "delete": "删除",
        "description": "描述",
        "donate": "捐赠",
        "edit": "编辑",
        "enablePrettyURLs": "启用美化 URL",
        "featuredImage": "特色图片",
        "fillAllRequiredFields": "请填写所有必填字段",
        "frontpageLink": "首页链接",
        "gdprBreakingChangesConfirmMsg": "我们对隐私设置（原 GDPR）进行了重大更改。建议您重新检查设置并保存。",
        "githubRepository": "Github 仓库",
        "goBack": "返回",
        "goToPluginCustomOptions": "隐藏附加选项",
        "goToPluginStandardOptions": "显示附加选项",
        "goToSettings": "进入隐私设置",
        "help": "帮助",
        "hide": "隐藏",
        "hideThisNotification": "隐藏此通知",
        "id": "ID",
        "ifCanonicalUrlIsSetMetaRobotsTagIsIgnored": "启用规范 URL 时，meta robots 标签将被忽略。",
        "indexFollow": "索引, 跟随",
        "indexNofollow": "索引, 不跟随",
        "indexFollowNoArchive": "索引, 跟随, 不存档",
        "indexNofollowNoArchive": "索引, 不跟随, 不存档",
        "iUnderstand": "我明白",
        "lastModified": "最后修改时间",
        "learnMore": "了解更多",
        "leaveBlankToUseDefaultPageTitle": "留空使用默认页面标题",
        "linkTarget": "链接目标",
        "loading": "加载中...",
        "menus": "菜单",
        "metaDescription": "Meta 描述",
        "metaRobotsIndex": "Meta robots 索引",
        "minimize": "最小化",
        "more": "更多",
        "moreInformationOnPublii": "了解更多 Publii 信息",
        "moreItems": "更多项目",
        "name": "名称",
        "newWindow": "新窗口",
        "noindexFollow": "不索引, 跟随",
        "noindexNofollow": "不索引, 不跟随",
        "none": "无",
        "notAvailableInYourTheme": "在您的主题中不可用",
        "notSet": "未设置",
        "of": "的",
        "ok": "确定",
        "otherOptions": "其他选项",
        "pages": "页面",
        "pagesSupportNotEnabledMessage": "您当前的主题不支持页面。请使用内置页面支持的主题，或更新现有主题以添加此功能。详细信息请点击下方“了解更多”。",
        "pageTitle": "页面标题",
        "pleaseFillAllRequiredFields": "请填写所有必填字段",
        "posts": "文章",
        "preview": "预览",
        "previewFrontPageOnly": "仅预览首页",
        "previewFullWebsite": "预览完整网站",
        "publiiOnGithub": "在 Github 查看 Publii",
        "publishAndClose": "发布并关闭",
        "publishPost": "发布文章",
        "reloadFile": "重新加载文件",
        "renderFrontPageOnly": "仅渲染首页",
        "renderFullWebsite": "渲染完整网站",
        "reportBugInSupportDesk": "通过论坛报告问题",
        "reportIssue": "报告问题",
        "sameWindow": "同一窗口",
        "save": "保存",
        "saveAndClose": "保存并关闭",
        "saveAndPreview": "保存并预览",
        "saveAndRender": "保存并渲染",
        "saveAsDraft": "保存为草稿",
        "saveChanges": "保存更改",
        "saveDraft": "保存草稿",
        "saveDraftAndClose": "保存草稿并关闭",
        "search": "搜索...",
        "selectOption": "选择选项",
        "selectWebsite": "选择网站",
        "seo": "SEO",
        "server": "服务器",
        "show": "显示",
        "slug": "别名",
        "supportPublii": "支持 Publii，今日捐赠！",
        "tags": "标签",
        "theme": "主题",
        "tools": "工具 & 插件",
        "unhide": "取消隐藏",
        "updateSlug": "更新别名",
        "uploadInProgress": "上传进行中...",
        "whatsNew": "更新内容"
    }
}