{
    "Action": "操作",
    "Activity": "活动",
    "Address": "地址",
    "Advanced": "高级",
    "Align": "对齐",
    "Align center": "居中对齐",
    "Align left": "左对齐",
    "Align right": "右对齐",
    "Alignment": "对齐方式",
    "All": "全部",
    "Alternative source": "备用来源",
    "Alternative source URL": "备用来源 URL",
    "Anchor": "锚点",
    "Anchor...": "锚点...",
    "Anchors": "锚点",
    "Animals and Nature": "动物与自然",
    "Arrows": "箭头",
    "B": "B",
    "Background color": "背景颜色",
    "Black": "黑色",
    "Block": "块",
    "Blockquote": "引用块",
    "Blue": "蓝色",
    "Body": "正文",
    "Bold": "加粗",
    "Border": "边框",
    "Border color": "边框颜色",
    "Border style": "边框样式",
    "Border width": "边框宽度",
    "Bottom": "底部",
    "Browse for an image": "浏览图片",
    "Bullet list": "项目符号列表",
    "Cancel": "取消",
    "Capitalization": "大小写",
    "Caption": "标题",
    "Cell": "单元格",
    "Cell padding": "单元格内边距",
    "Cell properties": "单元格属性",
    "Cell spacing": "单元格间距",
    "Cell type": "单元格类型",
    "Center": "居中",
    "Characters": "字符",
    "Characters (no spaces)": "字符（不含空格）",
    "Circle": "圆形",
    "Class": "类",
    "Clear formatting": "清除格式",
    "Close": "关闭",
    "Code": "代码",
    "Code sample": "代码示例",
    "Color": "颜色",
    "Color Picker": "颜色选择器",
    "Color swatch": "颜色样本",
    "Cols": "列数",
    "Column": "列",
    "Column group": "列组",
    "Constrain proportions": "保持比例",
    "Copy": "复制",
    "Copy row": "复制行",
    "Could not find the specified string.": "未找到指定字符串。",
    "Could not load emoticons": "无法加载表情",
    "Count": "计数",
    "Currency": "货币",
    "Current window": "当前窗口",
    "Custom color": "自定义颜色",
    "Custom...": "自定义...",
    "Cut": "剪切",
    "Cut row": "剪切行",
    "Dark Blue": "深蓝色",
    "Dark Gray": "深灰色",
    "Dark Green": "深绿色",
    "Dark Orange": "深橙色",
    "Dark Purple": "深紫色",
    "Dark Red": "深红色",
    "Dark Turquoise": "深绿松石色",
    "Dark Yellow": "深黄色",
    "Date/time": "日期/时间",
    "Decrease indent": "减少缩进",
    "Default": "默认",
    "Delete column": "删除列",
    "Delete row": "删除行",
    "Delete table": "删除表格",
    "Dimensions": "尺寸",
    "Disc": "圆点",
    "Div": "DIV",
    "Document": "文档",
    "Document properties": "文档属性",
    "Drop an image here": "将图片拖到此处",
    "Edit": "编辑",
    "Edit image": "编辑图片",
    "Embed": "嵌入",
    "Emoticons": "表情",
    "Emoticons...": "表情...",
    "Error": "错误",
    "Extended Latin": "扩展拉丁字母",
    "Failed to upload image: {0}": "上传图片失败: {0}",
    "Find": "查找",
    "Find and replace": "查找并替换",
    "Find and replace...": "查找并替换...",
    "Find whole words only": "仅查找完整单词",
    "Finish": "完成",
    "Flags": "旗帜",
    "Font": "字体",
    "Font Sizes": "字号",
    "Fonts": "字体",
    "Food and Drink": "食物与饮品",
    "Footer": "页脚",
    "Format": "格式",
    "Format Painter": "格式刷",
    "Formats": "格式",
    "Fullscreen": "全屏",
    "G": "G",
    "General": "常规",
    "Gray": "灰色",
    "Green": "绿色",
    "H Align": "水平对齐",
    "Header": "表头",
    "Header 1": "标题 H1",
    "Header 2": "标题 H2",
    "Header 3": "标题 H3",
    "Header 4": "标题 H4",
    "Header 5": "标题 H5",
    "Header 6": "标题 H6",
    "Header cell": "表头单元格",
    "Headers": "表头",
    "Heading 1": "标题 H1",
    "Heading 2": "标题 H2",
    "Heading 3": "标题 H3",
    "Heading 4": "标题 H4",
    "Heading 5": "标题 H5",
    "Heading 6": "标题 H6",
    "Headings": "标题",
    "Height": "高度",
    "Help": "帮助",
    "Horizontal line": "水平线",
    "Horizontal space": "水平间距",
    "Id": "ID",
    "Id should start with a letter, followed only by letters, numbers, dashes, dots, colons or underscores.": "ID 应以字母开头，后续只能包含字母、数字、短横线、点、冒号或下划线。",
    "Ignore": "忽略",
    "Ignore all": "全部忽略",
    "Image": "图片",
    "Image description": "图片描述",
    "Image list": "图片列表",
    "Image options": "图片选项",
    "Image title": "图片标题",
    "Image...": "图片...",
    "Increase indent": "增加缩进",
    "Inline": "行内",
    "Insert": "插入",
    "Insert column after": "在后插入列",
    "Insert column before": "在前插入列",
    "Insert date/time": "插入日期/时间",
    "Insert image": "插入图片",
    "Insert link": "插入链接",
    "Insert row after": "在后插入行",
    "Insert row before": "在前插入行",
    "Insert table": "插入表格",
    "Insert video": "插入视频",
    "Insert/Edit Link": "插入/编辑链接",
    "Insert/edit iframe": "插入/编辑 iframe",
    "Insert/edit image": "插入/编辑图片",
    "Insert/edit link": "插入/编辑链接",
    "Insert/edit media": "插入/编辑媒体",
    "Insert/edit video": "插入/编辑视频",
    "Italic": "斜体",
    "Justify": "两端对齐",
    "Keyboard Navigation": "键盘导航",
    "Language": "语言",
    "Left": "左",
    "Left to right": "从左到右",
    "Light Blue": "浅蓝色",
    "Light Gray": "浅灰色",
    "Light Green": "浅绿色",
    "Light Purple": "浅紫色",
    "Light Red": "浅红色",
    "Light Yellow": "浅黄色",
    "Link": "链接",
    "Link list": "链接列表",
    "Link...": "链接...",
    "Loading emoticons...": "正在加载表情...",
    "Lower Alpha": "小写字母",
    "Lower Greek": "希腊小写",
    "Lower Roman": "罗马小写",
    "Match case": "区分大小写",
    "Mathematical": "数学符号",
    "Media": "媒体",
    "Media poster (Image URL)": "媒体封面（图片 URL）",
    "Media...": "媒体...",
    "Medium Blue": "中蓝色",
    "Medium Gray": "中灰色",
    "Medium Purple": "中紫色",
    "Merge cells": "合并单元格",
    "Middle": "居中",
    "Midnight Blue": "午夜蓝",
    "More...": "更多...",
    "Name": "名称",
    "Navy Blue": "海军蓝",
    "New window": "新窗口",
    "Next": "下一步",
    "No": "否",
    "No color": "无颜色",
    "Nonbreaking space": "不间断空格",
    "None": "无",
    "Numbered list": "编号列表",
    "OR": "或",
    "Objects": "对象",
    "Ok": "确定",
    "Open help dialog": "打开帮助对话框",
    "Open link in...": "在以下位置打开链接...",
    "Orange": "橙色",
    "Page break": "分页符",
    "Paragraph": "段落",
    "Paste": "粘贴",
    "Paste as text": "以文本形式粘贴",
    "Paste or type a link": "粘贴或输入链接",
    "Paste row after": "在后粘贴行",
    "Paste row before": "在前粘贴行",
    "Paste your embed code below:": "在下方粘贴嵌入代码：",
    "People": "人物",
    "Permanent Pen Properties": "永久笔属性",
    "Permanent pen properties...": "永久笔属性...",
    "Poster": "封面",
    "Powered by {0}": "由 {0} 提供支持",
    "Pre": "预格式化",
    "Preferences": "偏好设置",
    "Preformatted": "预格式化文本",
    "Prev": "上一步",
    "Preview": "预览",
    "Previous": "上一步",
    "Print": "打印",
    "Print...": "打印...",
    "Purple": "紫色",
    "Quotations": "引用",
    "R": "R",
    "Red": "红色",
    "Redo": "重做",
    "Remove color": "移除颜色",
    "Remove link": "移除链接",
    "Replace": "替换",
    "Replace all": "全部替换",
    "Replace with": "替换为",
    "Restore last draft": "恢复上次草稿",
    "Rich Text Area. Press ALT-0 for help.": "富文本区域。按 ALT-0 获取帮助。",
    "Rich Text Area. Press ALT-F9 for menu. Press ALT-F10 for toolbar. Press ALT-0 for help": "富文本区域。按 ALT-F9 打开菜单，按 ALT-F10 打开工具栏，按 ALT-0 获取帮助",
    "Right": "右",
    "Right to left": "从右到左",
    "Row": "行",
    "Row group": "行组",
    "Row properties": "行属性",
    "Row type": "行类型",
    "Rows": "行",
    "Save": "保存",
    "Scope": "范围",
    "Search": "搜索",
    "Select all": "全选",
    "Select...": "选择...",
    "Selection": "选择",
    "Shortcut": "快捷键",
    "Show caption": "显示标题",
    "Show invisible characters": "显示不可见字符",
    "Size": "大小",
    "Source": "源",
    "Source code": "源代码",
    "Special character": "特殊字符",
    "Special character...": "特殊字符...",
    "Spellcheck": "拼写检查",
    "Split cell": "拆分单元格",
    "Square": "方形",
    "Strikethrough": "删除线",
    "Style": "样式",
    "Subscript": "下标",
    "Superscript": "上标",
    "Switch to or from fullscreen mode": "切换全屏模式",
    "Symbols": "符号",
    "System Font": "系统字体",
    "Table": "表格",
    "Table of Contents": "目录",
    "Table properties": "表格属性",
    "Target": "目标",
    "Text": "文本",
    "Text color": "文本颜色",
    "Text to display": "显示文本",
    "The URL you entered seems to be an email address. Do you want to add the required mailto: prefix?": "您输入的 URL 似乎是电子邮件地址。是否添加必要的 mailto: 前缀？",
    "The URL you entered seems to be an external link. Do you want to add the required http:// prefix?": "您输入的 URL 似乎是外部链接。是否添加必要的 http:// 前缀？",
    "Title Case": "标题式大小写",
    "To open the popup, press Shift+Enter": "要打开弹出窗口，请按 Shift+Enter",
    "Tools": "工具",
    "Top": "顶部",
    "Travel and Places": "旅行与地点",
    "Turquoise": "绿松石色",
    "UPPERCASE": "大写",
    "Underline": "下划线",
    "Undo": "撤销",
    "Update": "更新",
    "Upload": "上传",
    "Upper Alpha": "大写字母",
    "Upper Roman": "罗马大写",
    "Url": "URL",
    "User Defined": "用户定义",
    "V Align": "垂直对齐",
    "Valid": "有效",
    "Version": "版本",
    "Vertical space": "垂直间距",
    "View": "视图",
    "Warn": "警告",
    "White": "白色",
    "Whole words": "完整单词",
    "Width": "宽度",
    "Word count": "字数统计",
    "Words": "单词",
    "Words: {0}": "单词数: {0}",
    "Yellow": "黄色",
    "Yes": "是",
    "You have unsaved changes are you sure you want to navigate away?": "您有未保存的更改，确定要离开吗？",
    "alignment": "对齐",
    "comments": "评论",
    "example": "示例",
    "formatting": "格式化",
    "history": "历史",
    "indentation": "缩进",
    "lowercase": "小写",
    "permanent pen": "永久笔",
    "styles": "样式",
    "{0} characters": "{0} 个字符",
    "{0} words": "{0} 个单词"
}